{"v":"4.10.0","fr":30,"ip":0,"op":900,"w":500,"h":500,"nm":"intro-04","ddd":0,"assets":[],"layers":[{"ddd":0,"ind":1,"ty":4,"nm":"shapes-2@1x Outlines","sr":1,"ks":{"o":{"a":1,"k":[{"i":{"x":[0.667],"y":[1]},"o":{"x":[0.333],"y":[0]},"n":["0p667_1_0p333_0"],"t":25,"s":[0],"e":[100]},{"t":64}],"ix":11},"r":{"a":0,"k":0,"ix":10},"p":{"a":0,"k":[250,250,0],"ix":2},"a":{"a":0,"k":[77.5,85,0],"ix":1},"s":{"a":0,"k":[220,220,100],"ix":6}},"ao":0,"shapes":[{"ty":"gr","it":[{"ind":0,"ty":"sh","ix":1,"ks":{"a":0,"k":{"i":[[0,0],[-0.189,-0.032],[-0.17,0.118],[0,0],[0.438,0.625],[0.626,-0.437],[0,0],[0,0],[0.626,-0.438],[-0.438,-0.625]],"o":[[0.119,0.17],[0.189,0.035],[0,0],[0.626,-0.438],[-0.438,-0.625],[0,0],[0,0],[-0.439,-0.625],[-0.625,0.437],[0,0]],"v":[[-0.974,1.917],[-0.489,2.221],[0.071,2.102],[1.893,0.834],[2.233,-1.091],[0.306,-1.431],[0.145,-1.319],[0.033,-1.479],[-1.894,-1.818],[-2.233,0.105]],"c":true},"ix":2},"nm":"Path 1","mn":"ADBE Vector Shape - Group","hd":false},{"ty":"st","c":{"a":0,"k":[1,0.451000019148,0.517999985639,1],"ix":3},"o":{"a":0,"k":100,"ix":4},"w":{"a":0,"k":0.5,"ix":5},"lc":1,"lj":1,"ml":4,"nm":"Stroke 1","mn":"ADBE Vector Graphic - Stroke","hd":false},{"ty":"fl","c":{"a":0,"k":[1,0.451000019148,0.517999985639,1],"ix":4},"o":{"a":0,"k":100,"ix":5},"r":1,"nm":"Fill 1","mn":"ADBE Vector Graphic - Fill","hd":false},{"ty":"tr","p":{"a":0,"k":[151.941,109.287],"ix":2},"a":{"a":0,"k":[0,0],"ix":1},"s":{"a":0,"k":[100,100],"ix":3},"r":{"a":0,"k":0,"ix":6},"o":{"a":0,"k":100,"ix":7},"sk":{"a":0,"k":0,"ix":4},"sa":{"a":0,"k":0,"ix":5},"nm":"Transform"}],"nm":"Group 1","np":3,"cix":2,"ix":1,"mn":"ADBE Vector Group","hd":false},{"ty":"gr","it":[{"ind":0,"ty":"sh","ix":1,"ks":{"a":0,"k":{"i":[[0,0],[-0.303,-0.049],[-0.271,0.189],[0,0],[0.701,0.999],[1.001,-0.701],[0,0],[0,0],[1.001,-0.7],[-0.701,-1.001]],"o":[[0.189,0.271],[0.301,0.058],[0,0],[1.001,-0.701],[-0.701,-1],[0,0],[0,0],[-0.701,-1],[-1.001,0.701],[0,0]],"v":[[-1.557,3.067],[-0.781,3.552],[0.113,3.362],[3.029,1.334],[3.572,-1.745],[0.49,-2.288],[0.232,-2.111],[0.053,-2.367],[-3.029,-2.91],[-3.572,0.17]],"c":true},"ix":2},"nm":"Path 1","mn":"ADBE Vector Shape - Group","hd":false},{"ty":"st","c":{"a":0,"k":[1,0.451000019148,0.517999985639,1],"ix":3},"o":{"a":0,"k":100,"ix":4},"w":{"a":0,"k":0.5,"ix":5},"lc":1,"lj":1,"ml":4,"nm":"Stroke 1","mn":"ADBE Vector Graphic - Stroke","hd":false},{"ty":"fl","c":{"a":0,"k":[1,0.451000019148,0.517999985639,1],"ix":4},"o":{"a":0,"k":100,"ix":5},"r":1,"nm":"Fill 1","mn":"ADBE Vector Graphic - Fill","hd":false},{"ty":"tr","p":{"a":0,"k":[9.705,154.66],"ix":2},"a":{"a":0,"k":[0,0],"ix":1},"s":{"a":0,"k":[100,100],"ix":3},"r":{"a":0,"k":0,"ix":6},"o":{"a":0,"k":100,"ix":7},"sk":{"a":0,"k":0,"ix":4},"sa":{"a":0,"k":0,"ix":5},"nm":"Transform"}],"nm":"Group 2","np":3,"cix":2,"ix":2,"mn":"ADBE Vector Group","hd":false},{"ty":"gr","it":[{"ind":0,"ty":"sh","ix":1,"ks":{"a":0,"k":{"i":[[0,0],[-0.379,-0.062],[-0.339,0.237],[0,0],[0.876,1.25],[1.251,-0.875],[0,0],[0,0],[1.25,-0.875],[-0.877,-1.251]],"o":[[0.237,0.338],[0.377,0.072],[0,0],[1.251,-0.875],[-0.876,-1.25],[0,0],[0,0],[-0.876,-1.25],[-1.252,0.875],[0,0]],"v":[[-1.947,3.834],[-0.977,4.44],[0.142,4.202],[3.787,1.667],[4.466,-2.182],[0.614,-2.861],[0.29,-2.639],[0.065,-2.958],[-3.786,-3.637],[-4.465,0.211]],"c":true},"ix":2},"nm":"Path 1","mn":"ADBE Vector Shape - Group","hd":false},{"ty":"st","c":{"a":0,"k":[1,0.451000019148,0.517999985639,1],"ix":3},"o":{"a":0,"k":100,"ix":4},"w":{"a":0,"k":0.5,"ix":5},"lc":1,"lj":1,"ml":4,"nm":"Stroke 1","mn":"ADBE Vector Graphic - Stroke","hd":false},{"ty":"fl","c":{"a":0,"k":[1,0.451000019148,0.517999985639,1],"ix":4},"o":{"a":0,"k":100,"ix":5},"r":1,"nm":"Fill 1","mn":"ADBE Vector Graphic - Fill","hd":false},{"ty":"tr","p":{"a":0,"k":[5.881,33.575],"ix":2},"a":{"a":0,"k":[0,0],"ix":1},"s":{"a":0,"k":[100,100],"ix":3},"r":{"a":0,"k":0,"ix":6},"o":{"a":0,"k":100,"ix":7},"sk":{"a":0,"k":0,"ix":4},"sa":{"a":0,"k":0,"ix":5},"nm":"Transform"}],"nm":"Group 3","np":3,"cix":2,"ix":3,"mn":"ADBE Vector Group","hd":false},{"ty":"gr","it":[{"ind":0,"ty":"sh","ix":1,"ks":{"a":0,"k":{"i":[[0,0],[0,0],[0,0],[1.463,-0.608],[0,0],[0,0],[0,0],[-0.548,-1.374],[0,0],[0,0],[0,0],[-1.467,0.586],[0,0],[0,0],[0,0],[0.57,1.369]],"o":[[0,0],[0,0],[0,0],[-1.462,0.607],[0,0],[0,0],[0,0],[0.547,1.374],[0,0],[0,0],[0,0],[1.469,-0.586],[0,0],[0,0],[0,0],[-0.572,-1.367]],"v":[[4.899,-3.593],[0.91,-1.98],[-0.598,-5.714],[-2.587,-6.513],[-3.583,-4.508],[-2.077,-0.775],[-6.064,0.837],[-6.98,2.81],[-4.937,3.631],[-0.947,2.019],[0.561,5.752],[2.59,6.535],[3.546,4.546],[2.039,0.812],[6.027,-0.799],[6.959,-2.735]],"c":true},"ix":2},"nm":"Path 1","mn":"ADBE Vector Shape - Group","hd":false},{"ty":"fl","c":{"a":0,"k":[0.984000052658,0.842999985639,0.616000007181,1],"ix":4},"o":{"a":0,"k":100,"ix":5},"r":1,"nm":"Fill 1","mn":"ADBE Vector Graphic - Fill","hd":false},{"ty":"tr","p":{"a":0,"k":[103.282,7.413],"ix":2},"a":{"a":0,"k":[0,0],"ix":1},"s":{"a":0,"k":[100,100],"ix":3},"r":{"a":0,"k":0,"ix":6},"o":{"a":0,"k":100,"ix":7},"sk":{"a":0,"k":0,"ix":4},"sa":{"a":0,"k":0,"ix":5},"nm":"Transform"}],"nm":"Group 4","np":2,"cix":2,"ix":4,"mn":"ADBE Vector Group","hd":false},{"ty":"gr","it":[{"ind":0,"ty":"sh","ix":1,"ks":{"a":0,"k":{"i":[[0,0],[0,0],[0,0],[0.974,-0.406],[0,0],[0,0],[0,0],[-0.365,-0.916],[0,0],[0,0],[0,0],[-0.979,0.391],[0,0],[0,0],[0,0],[0.38,0.912]],"o":[[0,0],[0,0],[0,0],[-0.976,0.405],[0,0],[0,0],[0,0],[0.364,0.916],[0,0],[0,0],[0,0],[0.979,-0.391],[0,0],[0,0],[0,0],[-0.381,-0.912]],"v":[[3.266,-2.395],[0.607,-1.32],[-0.4,-3.809],[-1.725,-4.342],[-2.389,-3.005],[-1.383,-0.516],[-4.044,0.557],[-4.654,1.874],[-3.292,2.419],[-0.632,1.346],[0.374,3.835],[1.727,4.357],[2.365,3.031],[1.359,0.542],[4.018,-0.533],[4.639,-1.822]],"c":true},"ix":2},"nm":"Path 1","mn":"ADBE Vector Shape - Group","hd":false},{"ty":"st","c":{"a":0,"k":[0.984000052658,0.842999985639,0.616000007181,1],"ix":3},"o":{"a":0,"k":100,"ix":4},"w":{"a":0,"k":0.5,"ix":5},"lc":1,"lj":1,"ml":4,"nm":"Stroke 1","mn":"ADBE Vector Graphic - Stroke","hd":false},{"ty":"fl","c":{"a":0,"k":[0.984000052658,0.842999985639,0.616000007181,1],"ix":4},"o":{"a":0,"k":100,"ix":5},"r":1,"nm":"Fill 1","mn":"ADBE Vector Graphic - Fill","hd":false},{"ty":"tr","p":{"a":0,"k":[99.518,164.959],"ix":2},"a":{"a":0,"k":[0,0],"ix":1},"s":{"a":0,"k":[100,100],"ix":3},"r":{"a":0,"k":0,"ix":6},"o":{"a":0,"k":100,"ix":7},"sk":{"a":0,"k":0,"ix":4},"sa":{"a":0,"k":0,"ix":5},"nm":"Transform"}],"nm":"Group 5","np":3,"cix":2,"ix":5,"mn":"ADBE Vector Group","hd":false}],"ip":0,"op":927,"st":0,"bm":0},{"ddd":0,"ind":2,"ty":4,"nm":"mag Outlines","sr":1,"ks":{"o":{"a":1,"k":[{"i":{"x":[0.667],"y":[1]},"o":{"x":[0.333],"y":[0]},"n":["0p667_1_0p333_0"],"t":26,"s":[0],"e":[100]},{"t":38}],"ix":11},"r":{"a":1,"k":[{"i":{"x":[0.667],"y":[1]},"o":{"x":[0.333],"y":[0]},"n":["0p667_1_0p333_0"],"t":42,"s":[0],"e":[8]},{"i":{"x":[0.667],"y":[1]},"o":{"x":[0.333],"y":[0]},"n":["0p667_1_0p333_0"],"t":97,"s":[8],"e":[0]},{"i":{"x":[0.667],"y":[1]},"o":{"x":[0.333],"y":[0]},"n":["0p667_1_0p333_0"],"t":162,"s":[0],"e":[8]},{"i":{"x":[0.667],"y":[1]},"o":{"x":[0.333],"y":[0]},"n":["0p667_1_0p333_0"],"t":224,"s":[8],"e":[0]},{"i":{"x":[0.667],"y":[1]},"o":{"x":[0.333],"y":[0]},"n":["0p667_1_0p333_0"],"t":289,"s":[0],"e":[8]},{"i":{"x":[0.667],"y":[1]},"o":{"x":[0.333],"y":[0]},"n":["0p667_1_0p333_0"],"t":346,"s":[8],"e":[0]},{"i":{"x":[0.667],"y":[1]},"o":{"x":[0.333],"y":[0]},"n":["0p667_1_0p333_0"],"t":411,"s":[0],"e":[8]},{"i":{"x":[0.667],"y":[1]},"o":{"x":[0.333],"y":[0]},"n":["0p667_1_0p333_0"],"t":466,"s":[8],"e":[0]},{"i":{"x":[0.667],"y":[1]},"o":{"x":[0.333],"y":[0]},"n":["0p667_1_0p333_0"],"t":531,"s":[0],"e":[8]},{"i":{"x":[0.667],"y":[1]},"o":{"x":[0.333],"y":[0]},"n":["0p667_1_0p333_0"],"t":586,"s":[8],"e":[0]},{"i":{"x":[0.667],"y":[1]},"o":{"x":[0.333],"y":[0]},"n":["0p667_1_0p333_0"],"t":651,"s":[0],"e":[8]},{"i":{"x":[0.667],"y":[1]},"o":{"x":[0.333],"y":[0]},"n":["0p667_1_0p333_0"],"t":703,"s":[8],"e":[0]},{"i":{"x":[0.667],"y":[1]},"o":{"x":[0.333],"y":[0]},"n":["0p667_1_0p333_0"],"t":768,"s":[0],"e":[8]},{"i":{"x":[0.667],"y":[1]},"o":{"x":[0.333],"y":[0]},"n":["0p667_1_0p333_0"],"t":826,"s":[8],"e":[0]},{"t":891}],"ix":10},"p":{"s":true,"x":{"a":0,"k":100,"ix":3},"y":{"a":0,"k":372,"ix":4}},"a":{"a":0,"k":[4.275,95.948,0],"ix":1},"s":{"a":1,"k":[{"i":{"x":[0.667,0.667,0.667],"y":[1,1,1]},"o":{"x":[0.333,0.333,0.333],"y":[0,0,0]},"n":["0p667_1_0p333_0","0p667_1_0p333_0","0p667_1_0p333_0"],"t":42,"s":[163.625,163.625,100],"e":[175,175,100]},{"i":{"x":[0.833,0.833,0.833],"y":[1,1,1]},"o":{"x":[0.167,0.167,0.167],"y":[0,0,0]},"n":["0p833_1_0p167_0","0p833_1_0p167_0","0p833_1_0p167_0"],"t":97,"s":[175,175,100],"e":[163,163,100]},{"i":{"x":[0.667,0.667,0.667],"y":[1,1,1]},"o":{"x":[0.167,0.167,0.167],"y":[0,0,0]},"n":["0p667_1_0p167_0","0p667_1_0p167_0","0p667_1_0p167_0"],"t":162,"s":[163,163,100],"e":[175,175,100]},{"i":{"x":[0.833,0.833,0.833],"y":[1,1,1]},"o":{"x":[0.167,0.167,0.167],"y":[0,0,0]},"n":["0p833_1_0p167_0","0p833_1_0p167_0","0p833_1_0p167_0"],"t":224,"s":[175,175,100],"e":[163,163,100]},{"i":{"x":[0.667,0.667,0.667],"y":[1,1,1]},"o":{"x":[0.167,0.167,0.167],"y":[0,0,0]},"n":["0p667_1_0p167_0","0p667_1_0p167_0","0p667_1_0p167_0"],"t":289,"s":[163,163,100],"e":[175,175,100]},{"i":{"x":[0.833,0.833,0.833],"y":[1,1,1]},"o":{"x":[0.167,0.167,0.167],"y":[0,0,0]},"n":["0p833_1_0p167_0","0p833_1_0p167_0","0p833_1_0p167_0"],"t":346,"s":[175,175,100],"e":[163,163,100]},{"i":{"x":[0.667,0.667,0.667],"y":[1,1,1]},"o":{"x":[0.167,0.167,0.167],"y":[0,0,0]},"n":["0p667_1_0p167_0","0p667_1_0p167_0","0p667_1_0p167_0"],"t":411,"s":[163,163,100],"e":[175,175,100]},{"i":{"x":[0.833,0.833,0.833],"y":[1,1,1]},"o":{"x":[0.167,0.167,0.167],"y":[0,0,0]},"n":["0p833_1_0p167_0","0p833_1_0p167_0","0p833_1_0p167_0"],"t":466,"s":[175,175,100],"e":[163,163,100]},{"i":{"x":[0.667,0.667,0.667],"y":[1,1,1]},"o":{"x":[0.167,0.167,0.167],"y":[0,0,0]},"n":["0p667_1_0p167_0","0p667_1_0p167_0","0p667_1_0p167_0"],"t":531,"s":[163,163,100],"e":[175,175,100]},{"i":{"x":[0.833,0.833,0.833],"y":[1,1,1]},"o":{"x":[0.167,0.167,0.167],"y":[0,0,0]},"n":["0p833_1_0p167_0","0p833_1_0p167_0","0p833_1_0p167_0"],"t":586,"s":[175,175,100],"e":[163,163,100]},{"i":{"x":[0.667,0.667,0.667],"y":[1,1,1]},"o":{"x":[0.167,0.167,0.167],"y":[0,0,0]},"n":["0p667_1_0p167_0","0p667_1_0p167_0","0p667_1_0p167_0"],"t":651,"s":[163,163,100],"e":[175,175,100]},{"i":{"x":[0.833,0.833,0.833],"y":[1,1,1]},"o":{"x":[0.167,0.167,0.167],"y":[0,0,0]},"n":["0p833_1_0p167_0","0p833_1_0p167_0","0p833_1_0p167_0"],"t":703,"s":[175,175,100],"e":[163,163,100]},{"i":{"x":[0.667,0.667,0.667],"y":[1,1,1]},"o":{"x":[0.167,0.167,0.167],"y":[0,0,0]},"n":["0p667_1_0p167_0","0p667_1_0p167_0","0p667_1_0p167_0"],"t":768,"s":[163,163,100],"e":[175,175,100]},{"i":{"x":[0.833,0.833,0.833],"y":[1,1,1]},"o":{"x":[0.167,0.167,0.167],"y":[0,0,0]},"n":["0p833_1_0p167_0","0p833_1_0p167_0","0p833_1_0p167_0"],"t":826,"s":[175,175,100],"e":[163,163,100]},{"t":891}],"ix":6}},"ao":0,"shapes":[{"ty":"gr","it":[{"ind":0,"ty":"sh","ix":1,"ks":{"a":0,"k":{"i":[[-13.354,13.354],[-8.642,0],[-6.599,-6.598],[13.196,-13.198],[13.197,13.196]],"o":[[6.599,-6.598],[8.64,0],[13.196,13.197],[-13.198,13.196],[-13.354,-13.198]],"v":[[-12.411,-35.663],[11.626,-45.56],[35.663,-35.663],[35.663,12.412],[-12.411,12.412]],"c":true},"ix":2},"nm":"Path 1","mn":"ADBE Vector Shape - Group","hd":false},{"ind":1,"ty":"sh","ix":2,"ks":{"a":0,"k":{"i":[[-0.628,-0.628],[-0.471,0],[-0.314,0.314],[0,0],[-9.427,0],[-6.913,6.913],[0,10.055],[6.912,6.912],[9.897,0],[6.913,-6.913],[0,-9.897],[-6.284,-6.913],[0,0]],"o":[[0.314,0.314],[0.471,0],[0,0],[6.913,6.284],[9.897,0],[6.912,-6.913],[0,-9.897],[-6.913,-6.913],[-9.899,0],[-6.912,6.912],[0,9.427],[0,0],[-0.628,0.629]],"v":[[-48.232,48.231],[-47.132,48.703],[-46.033,48.231],[-13.512,15.711],[11.626,25.451],[37.863,14.611],[48.702,-11.626],[37.863,-37.862],[11.626,-48.703],[-14.611,-37.862],[-25.452,-11.626],[-15.711,13.511],[-48.232,46.032]],"c":true},"ix":2},"nm":"Path 2","mn":"ADBE Vector Shape - Group","hd":false},{"ty":"mm","mm":1,"nm":"Merge Paths 1","mn":"ADBE Vector Filter - Merge","hd":false},{"ty":"st","c":{"a":0,"k":[0.455000005984,0.475,0.556999954523,1],"ix":3},"o":{"a":0,"k":100,"ix":4},"w":{"a":0,"k":1,"ix":5},"lc":1,"lj":1,"ml":4,"nm":"Stroke 1","mn":"ADBE Vector Graphic - Stroke","hd":false},{"ty":"fl","c":{"a":0,"k":[0.455000005984,0.475,0.556999954523,1],"ix":4},"o":{"a":0,"k":100,"ix":5},"r":1,"nm":"Fill 1","mn":"ADBE Vector Graphic - Fill","hd":false},{"ty":"tr","p":{"a":0,"k":[49.723,49.703],"ix":2},"a":{"a":0,"k":[0,0],"ix":1},"s":{"a":0,"k":[100,100],"ix":3},"r":{"a":0,"k":0,"ix":6},"o":{"a":0,"k":100,"ix":7},"sk":{"a":0,"k":0,"ix":4},"sa":{"a":0,"k":0,"ix":5},"nm":"Transform"}],"nm":"Group 1","np":5,"cix":2,"ix":1,"mn":"ADBE Vector Group","hd":false}],"ip":0,"op":927,"st":0,"bm":0},{"ddd":0,"ind":3,"ty":4,"nm":"left-eye Outlines","sr":1,"ks":{"o":{"a":1,"k":[{"i":{"x":[0.667],"y":[1]},"o":{"x":[0.333],"y":[0]},"n":["0p667_1_0p333_0"],"t":0,"s":[0],"e":[100]},{"t":12}],"ix":11},"r":{"a":1,"k":[{"i":{"x":[0.667],"y":[1]},"o":{"x":[0.333],"y":[0]},"n":["0p667_1_0p333_0"],"t":42,"s":[0],"e":[-10]},{"i":{"x":[0.667],"y":[1]},"o":{"x":[0.333],"y":[0]},"n":["0p667_1_0p333_0"],"t":97,"s":[-10],"e":[0]},{"i":{"x":[0.667],"y":[1]},"o":{"x":[0.333],"y":[0]},"n":["0p667_1_0p333_0"],"t":162,"s":[0],"e":[-10]},{"i":{"x":[0.667],"y":[1]},"o":{"x":[0.333],"y":[0]},"n":["0p667_1_0p333_0"],"t":224,"s":[-10],"e":[0]},{"i":{"x":[0.667],"y":[1]},"o":{"x":[0.167],"y":[0]},"n":["0p667_1_0p167_0"],"t":289,"s":[0],"e":[-10]},{"i":{"x":[0.667],"y":[1]},"o":{"x":[0.333],"y":[0]},"n":["0p667_1_0p333_0"],"t":346,"s":[-10],"e":[0]},{"i":{"x":[0.667],"y":[1]},"o":{"x":[0.167],"y":[0]},"n":["0p667_1_0p167_0"],"t":411,"s":[0],"e":[-10]},{"i":{"x":[0.667],"y":[1]},"o":{"x":[0.333],"y":[0]},"n":["0p667_1_0p333_0"],"t":466,"s":[-10],"e":[0]},{"i":{"x":[0.667],"y":[1]},"o":{"x":[0.167],"y":[0]},"n":["0p667_1_0p167_0"],"t":531,"s":[0],"e":[-10]},{"i":{"x":[0.667],"y":[1]},"o":{"x":[0.333],"y":[0]},"n":["0p667_1_0p333_0"],"t":586,"s":[-10],"e":[0]},{"i":{"x":[0.667],"y":[1]},"o":{"x":[0.167],"y":[0]},"n":["0p667_1_0p167_0"],"t":651,"s":[0],"e":[-10]},{"i":{"x":[0.667],"y":[1]},"o":{"x":[0.333],"y":[0]},"n":["0p667_1_0p333_0"],"t":703,"s":[-10],"e":[0]},{"i":{"x":[0.667],"y":[1]},"o":{"x":[0.167],"y":[0]},"n":["0p667_1_0p167_0"],"t":768,"s":[0],"e":[-10]},{"i":{"x":[0.667],"y":[1]},"o":{"x":[0.333],"y":[0]},"n":["0p667_1_0p333_0"],"t":826,"s":[-10],"e":[0]},{"t":891}],"ix":10},"p":{"s":true,"x":{"a":0,"k":224.75,"ix":3},"y":{"a":1,"k":[{"i":{"x":[0.62],"y":[1.392]},"o":{"x":[0.021],"y":[0.438]},"n":["0p62_1p392_0p021_0p438"],"t":0,"s":[330.095],"e":[234.595]},{"i":{"x":[0.833],"y":[1]},"o":{"x":[0.308],"y":[0]},"n":["0p833_1_0p308_0"],"t":26,"s":[234.595],"e":[220]},{"i":{"x":[0.833],"y":[1]},"o":{"x":[0.167],"y":[0]},"n":["0p833_1_0p167_0"],"t":97,"s":[220],"e":[234]},{"i":{"x":[0.833],"y":[1]},"o":{"x":[0.167],"y":[0]},"n":["0p833_1_0p167_0"],"t":162,"s":[234],"e":[220]},{"i":{"x":[0.833],"y":[1]},"o":{"x":[0.167],"y":[0]},"n":["0p833_1_0p167_0"],"t":224,"s":[220],"e":[234]},{"i":{"x":[0.833],"y":[1]},"o":{"x":[0.167],"y":[0]},"n":["0p833_1_0p167_0"],"t":289,"s":[234],"e":[220]},{"i":{"x":[0.833],"y":[1]},"o":{"x":[0.167],"y":[0]},"n":["0p833_1_0p167_0"],"t":346,"s":[220],"e":[234]},{"i":{"x":[0.833],"y":[1]},"o":{"x":[0.167],"y":[0]},"n":["0p833_1_0p167_0"],"t":411,"s":[234],"e":[220]},{"i":{"x":[0.833],"y":[1]},"o":{"x":[0.167],"y":[0]},"n":["0p833_1_0p167_0"],"t":466,"s":[220],"e":[234]},{"i":{"x":[0.833],"y":[1]},"o":{"x":[0.167],"y":[0]},"n":["0p833_1_0p167_0"],"t":531,"s":[234],"e":[220]},{"i":{"x":[0.833],"y":[1]},"o":{"x":[0.167],"y":[0]},"n":["0p833_1_0p167_0"],"t":586,"s":[220],"e":[234]},{"i":{"x":[0.833],"y":[1]},"o":{"x":[0.167],"y":[0]},"n":["0p833_1_0p167_0"],"t":651,"s":[234],"e":[220]},{"i":{"x":[0.833],"y":[1]},"o":{"x":[0.167],"y":[0]},"n":["0p833_1_0p167_0"],"t":703,"s":[220],"e":[234]},{"i":{"x":[0.833],"y":[1]},"o":{"x":[0.167],"y":[0]},"n":["0p833_1_0p167_0"],"t":768,"s":[234],"e":[220]},{"i":{"x":[0.833],"y":[1]},"o":{"x":[0.167],"y":[0]},"n":["0p833_1_0p167_0"],"t":826,"s":[220],"e":[234]},{"t":891}],"ix":4}},"a":{"a":0,"k":[5.5,3,0],"ix":1},"s":{"a":0,"k":[256.425,256.425,100],"ix":6}},"ao":0,"shapes":[{"ty":"gr","it":[{"ind":0,"ty":"sh","ix":1,"ks":{"a":0,"k":{"i":[[-0.737,-0.614],[-0.368,0],[-0.368,0.491],[-1.228,-0.982],[-0.491,0.738],[0.736,0.492],[2.087,-2.702]],"o":[[0.246,0.245],[0.492,0],[0.982,-1.351],[0.737,0.491],[0.491,-0.736],[-2.825,-2.087],[-0.369,0.737]],"v":[[-4.175,2.439],[-3.193,2.807],[-1.842,2.07],[2.211,1.456],[4.544,1.087],[4.176,-1.246],[-4.666,0.105]],"c":true},"ix":2},"nm":"Path 1","mn":"ADBE Vector Shape - Group","hd":false},{"ty":"mm","mm":4,"nm":"Merge Paths 1","mn":"ADBE Vector Filter - Merge","hd":false},{"ty":"fl","c":{"a":0,"k":[0.455000005984,0.475,0.556999954523,1],"ix":4},"o":{"a":0,"k":100,"ix":5},"r":1,"nm":"Fill 1","mn":"ADBE Vector Graphic - Fill","hd":false},{"ty":"tr","p":{"a":0,"k":[5.491,2.807],"ix":2},"a":{"a":0,"k":[0,0],"ix":1},"s":{"a":0,"k":[100,100],"ix":3},"r":{"a":0,"k":0,"ix":6},"o":{"a":0,"k":100,"ix":7},"sk":{"a":0,"k":0,"ix":4},"sa":{"a":0,"k":0,"ix":5},"nm":"Transform"}],"nm":"Group 1","np":3,"cix":2,"ix":1,"mn":"ADBE Vector Group","hd":false}],"ip":0,"op":927,"st":0,"bm":0},{"ddd":0,"ind":4,"ty":4,"nm":"right-eye Outlines","sr":1,"ks":{"o":{"a":1,"k":[{"i":{"x":[0.667],"y":[1]},"o":{"x":[0.333],"y":[0]},"n":["0p667_1_0p333_0"],"t":0,"s":[0],"e":[100]},{"t":12}],"ix":11},"r":{"a":1,"k":[{"i":{"x":[0.667],"y":[1]},"o":{"x":[0.333],"y":[0]},"n":["0p667_1_0p333_0"],"t":42,"s":[0],"e":[15]},{"i":{"x":[0.667],"y":[1]},"o":{"x":[0.333],"y":[0]},"n":["0p667_1_0p333_0"],"t":97,"s":[15],"e":[0]},{"i":{"x":[0.667],"y":[1]},"o":{"x":[0.333],"y":[0]},"n":["0p667_1_0p333_0"],"t":162,"s":[0],"e":[15]},{"i":{"x":[0.667],"y":[1]},"o":{"x":[0.333],"y":[0]},"n":["0p667_1_0p333_0"],"t":224,"s":[15],"e":[0]},{"i":{"x":[0.667],"y":[1]},"o":{"x":[0.167],"y":[0]},"n":["0p667_1_0p167_0"],"t":289,"s":[0],"e":[15]},{"i":{"x":[0.667],"y":[1]},"o":{"x":[0.333],"y":[0]},"n":["0p667_1_0p333_0"],"t":346,"s":[15],"e":[0]},{"i":{"x":[0.667],"y":[1]},"o":{"x":[0.167],"y":[0]},"n":["0p667_1_0p167_0"],"t":411,"s":[0],"e":[15]},{"i":{"x":[0.667],"y":[1]},"o":{"x":[0.333],"y":[0]},"n":["0p667_1_0p333_0"],"t":466,"s":[15],"e":[0]},{"i":{"x":[0.667],"y":[1]},"o":{"x":[0.167],"y":[0]},"n":["0p667_1_0p167_0"],"t":531,"s":[0],"e":[15]},{"i":{"x":[0.667],"y":[1]},"o":{"x":[0.333],"y":[0]},"n":["0p667_1_0p333_0"],"t":586,"s":[15],"e":[0]},{"i":{"x":[0.667],"y":[1]},"o":{"x":[0.167],"y":[0]},"n":["0p667_1_0p167_0"],"t":651,"s":[0],"e":[15]},{"i":{"x":[0.667],"y":[1]},"o":{"x":[0.333],"y":[0]},"n":["0p667_1_0p333_0"],"t":703,"s":[15],"e":[0]},{"i":{"x":[0.667],"y":[1]},"o":{"x":[0.167],"y":[0]},"n":["0p667_1_0p167_0"],"t":768,"s":[0],"e":[15]},{"i":{"x":[0.667],"y":[1]},"o":{"x":[0.333],"y":[0]},"n":["0p667_1_0p333_0"],"t":826,"s":[15],"e":[0]},{"t":891}],"ix":10},"p":{"s":true,"x":{"a":0,"k":277.25,"ix":3},"y":{"a":1,"k":[{"i":{"x":[0.586],"y":[1.407]},"o":{"x":[0.012],"y":[0.381]},"n":["0p586_1p407_0p012_0p381"],"t":0,"s":[331.576],"e":[234.576]},{"i":{"x":[0.833],"y":[1]},"o":{"x":[0.308],"y":[0]},"n":["0p833_1_0p308_0"],"t":26,"s":[234.576],"e":[220]},{"i":{"x":[0.833],"y":[1]},"o":{"x":[0.167],"y":[0]},"n":["0p833_1_0p167_0"],"t":97,"s":[220],"e":[234]},{"i":{"x":[0.833],"y":[1]},"o":{"x":[0.167],"y":[0]},"n":["0p833_1_0p167_0"],"t":162,"s":[234],"e":[220]},{"i":{"x":[0.833],"y":[1]},"o":{"x":[0.167],"y":[0]},"n":["0p833_1_0p167_0"],"t":224,"s":[220],"e":[234]},{"i":{"x":[0.833],"y":[1]},"o":{"x":[0.167],"y":[0]},"n":["0p833_1_0p167_0"],"t":289,"s":[234],"e":[220]},{"i":{"x":[0.833],"y":[1]},"o":{"x":[0.167],"y":[0]},"n":["0p833_1_0p167_0"],"t":346,"s":[220],"e":[234]},{"i":{"x":[0.833],"y":[1]},"o":{"x":[0.167],"y":[0]},"n":["0p833_1_0p167_0"],"t":411,"s":[234],"e":[220]},{"i":{"x":[0.833],"y":[1]},"o":{"x":[0.167],"y":[0]},"n":["0p833_1_0p167_0"],"t":466,"s":[220],"e":[234]},{"i":{"x":[0.833],"y":[1]},"o":{"x":[0.167],"y":[0]},"n":["0p833_1_0p167_0"],"t":531,"s":[234],"e":[220]},{"i":{"x":[0.833],"y":[1]},"o":{"x":[0.167],"y":[0]},"n":["0p833_1_0p167_0"],"t":586,"s":[220],"e":[234]},{"i":{"x":[0.833],"y":[1]},"o":{"x":[0.167],"y":[0]},"n":["0p833_1_0p167_0"],"t":651,"s":[234],"e":[220]},{"i":{"x":[0.833],"y":[1]},"o":{"x":[0.167],"y":[0]},"n":["0p833_1_0p167_0"],"t":703,"s":[220],"e":[234]},{"i":{"x":[0.833],"y":[1]},"o":{"x":[0.167],"y":[0]},"n":["0p833_1_0p167_0"],"t":768,"s":[234],"e":[220]},{"i":{"x":[0.833],"y":[1]},"o":{"x":[0.167],"y":[0]},"n":["0p833_1_0p167_0"],"t":826,"s":[220],"e":[234]},{"t":891}],"ix":4}},"a":{"a":0,"k":[5.5,3,0],"ix":1},"s":{"a":0,"k":[256.425,256.425,100],"ix":6}},"ao":0,"shapes":[{"ty":"gr","it":[{"ind":0,"ty":"sh","ix":1,"ks":{"a":0,"k":{"i":[[-0.737,0.613],[-0.736,-0.122],[-0.491,-0.614],[-0.491,0],[-0.245,0.246],[0.491,0.737],[2.825,-1.965],[-0.491,-0.736]],"o":[[0.614,-0.492],[0.737,0.123],[0.368,0.492],[0.369,0],[0.737,-0.492],[-2.087,-2.824],[-0.737,0.491],[0.614,0.737]],"v":[[-2.272,1.333],[-0.062,0.841],[1.904,2.069],[3.254,2.807],[4.237,2.438],[4.605,0.104],[-4.237,-1.369],[-4.605,0.964]],"c":true},"ix":2},"nm":"Path 1","mn":"ADBE Vector Shape - Group","hd":false},{"ty":"mm","mm":4,"nm":"Merge Paths 1","mn":"ADBE Vector Filter - Merge","hd":false},{"ty":"fl","c":{"a":0,"k":[0.455000005984,0.475,0.556999954523,1],"ix":4},"o":{"a":0,"k":100,"ix":5},"r":1,"nm":"Fill 1","mn":"ADBE Vector Graphic - Fill","hd":false},{"ty":"tr","p":{"a":0,"k":[5.71,2.807],"ix":2},"a":{"a":0,"k":[0,0],"ix":1},"s":{"a":0,"k":[100,100],"ix":3},"r":{"a":0,"k":0,"ix":6},"o":{"a":0,"k":100,"ix":7},"sk":{"a":0,"k":0,"ix":4},"sa":{"a":0,"k":0,"ix":5},"nm":"Transform"}],"nm":"Group 1","np":3,"cix":2,"ix":1,"mn":"ADBE Vector Group","hd":false}],"ip":0,"op":927,"st":0,"bm":0},{"ddd":0,"ind":5,"ty":4,"nm":"camera-lens Outlines","sr":1,"ks":{"o":{"a":1,"k":[{"i":{"x":[0.667],"y":[1]},"o":{"x":[0.333],"y":[0]},"n":["0p667_1_0p333_0"],"t":0,"s":[0],"e":[100]},{"t":12}],"ix":11},"r":{"a":1,"k":[{"i":{"x":[0.636],"y":[1.003]},"o":{"x":[0.331],"y":[0.003]},"n":["0p636_1p003_0p331_0p003"],"t":93,"s":[0],"e":[720]},{"i":{"x":[0.833],"y":[1]},"o":{"x":[0.167],"y":[0]},"n":["0p833_1_0p167_0"],"t":118,"s":[720],"e":[720]},{"i":{"x":[0.612],"y":[1.008]},"o":{"x":[0.328],"y":[-0.01]},"n":["0p612_1p008_0p328_-0p01"],"t":132,"s":[720],"e":[0]},{"i":{"x":[0.667],"y":[1]},"o":{"x":[0.167],"y":[0]},"n":["0p667_1_0p167_0"],"t":155,"s":[0],"e":[0]},{"i":{"x":[0.636],"y":[1.003]},"o":{"x":[0.331],"y":[0.003]},"n":["0p636_1p003_0p331_0p003"],"t":224,"s":[0],"e":[720]},{"i":{"x":[0.833],"y":[1]},"o":{"x":[0.167],"y":[0]},"n":["0p833_1_0p167_0"],"t":249,"s":[720],"e":[720]},{"i":{"x":[0.612],"y":[1.01]},"o":{"x":[0.328],"y":[-0.011]},"n":["0p612_1p01_0p328_-0p011"],"t":263,"s":[720],"e":[0]},{"i":{"x":[0.667],"y":[1]},"o":{"x":[0.167],"y":[0]},"n":["0p667_1_0p167_0"],"t":289,"s":[0],"e":[0]},{"i":{"x":[0.636],"y":[1.003]},"o":{"x":[0.331],"y":[0.003]},"n":["0p636_1p003_0p331_0p003"],"t":466,"s":[0],"e":[720]},{"i":{"x":[0.833],"y":[1]},"o":{"x":[0.167],"y":[0]},"n":["0p833_1_0p167_0"],"t":491,"s":[720],"e":[720]},{"i":{"x":[0.612],"y":[1.01]},"o":{"x":[0.328],"y":[-0.011]},"n":["0p612_1p01_0p328_-0p011"],"t":505,"s":[720],"e":[0]},{"i":{"x":[0.667],"y":[1]},"o":{"x":[0.167],"y":[0]},"n":["0p667_1_0p167_0"],"t":531,"s":[0],"e":[0]},{"i":{"x":[0.636],"y":[1.003]},"o":{"x":[0.331],"y":[0.003]},"n":["0p636_1p003_0p331_0p003"],"t":586,"s":[0],"e":[720]},{"i":{"x":[0.833],"y":[1]},"o":{"x":[0.167],"y":[0]},"n":["0p833_1_0p167_0"],"t":611,"s":[720],"e":[720]},{"i":{"x":[0.612],"y":[1.01]},"o":{"x":[0.328],"y":[-0.011]},"n":["0p612_1p01_0p328_-0p011"],"t":625,"s":[720],"e":[0]},{"i":{"x":[0.667],"y":[1]},"o":{"x":[0.167],"y":[0]},"n":["0p667_1_0p167_0"],"t":651,"s":[0],"e":[0]},{"i":{"x":[0.636],"y":[1.003]},"o":{"x":[0.331],"y":[0.003]},"n":["0p636_1p003_0p331_0p003"],"t":826,"s":[0],"e":[720]},{"i":{"x":[0.833],"y":[1]},"o":{"x":[0.167],"y":[0]},"n":["0p833_1_0p167_0"],"t":851,"s":[720],"e":[720]},{"i":{"x":[0.612],"y":[1.01]},"o":{"x":[0.328],"y":[-0.011]},"n":["0p612_1p01_0p328_-0p011"],"t":865,"s":[720],"e":[0]},{"t":891}],"ix":10},"p":{"s":true,"x":{"a":1,"k":[{"i":{"x":[0.988],"y":[1.5]},"o":{"x":[0.012],"y":[0]},"n":["0p988_1p5_0p012_0"],"t":0,"s":[250.178],"e":[250.178]},{"t":26}],"ix":3},"y":{"a":1,"k":[{"i":{"x":[0.571],"y":[1.393]},"o":{"x":[0.012],"y":[0.167]},"n":["0p571_1p393_0p012_0p167"],"t":0,"s":[377],"e":[278]},{"i":{"x":[0.833],"y":[1]},"o":{"x":[0.027],"y":[1.533]},"n":["0p833_1_0p027_1p533"],"t":26,"s":[278],"e":[278]},{"i":{"x":[0.833],"y":[1]},"o":{"x":[0.167],"y":[0]},"n":["0p833_1_0p167_0"],"t":42,"s":[278],"e":[264]},{"i":{"x":[0.833],"y":[1]},"o":{"x":[0.167],"y":[0]},"n":["0p833_1_0p167_0"],"t":97,"s":[264],"e":[278]},{"i":{"x":[0.833],"y":[1]},"o":{"x":[0.167],"y":[0]},"n":["0p833_1_0p167_0"],"t":162,"s":[278],"e":[264]},{"i":{"x":[0.833],"y":[1]},"o":{"x":[0.167],"y":[0]},"n":["0p833_1_0p167_0"],"t":224,"s":[264],"e":[278]},{"i":{"x":[0.833],"y":[1]},"o":{"x":[0.167],"y":[0]},"n":["0p833_1_0p167_0"],"t":289,"s":[278],"e":[264]},{"i":{"x":[0.833],"y":[1]},"o":{"x":[0.167],"y":[0]},"n":["0p833_1_0p167_0"],"t":346,"s":[264],"e":[278]},{"i":{"x":[0.833],"y":[1]},"o":{"x":[0.167],"y":[0]},"n":["0p833_1_0p167_0"],"t":411,"s":[278],"e":[264]},{"i":{"x":[0.833],"y":[1]},"o":{"x":[0.167],"y":[0]},"n":["0p833_1_0p167_0"],"t":466,"s":[264],"e":[278]},{"i":{"x":[0.833],"y":[1]},"o":{"x":[0.167],"y":[0]},"n":["0p833_1_0p167_0"],"t":531,"s":[278],"e":[264]},{"i":{"x":[0.833],"y":[1]},"o":{"x":[0.167],"y":[0]},"n":["0p833_1_0p167_0"],"t":586,"s":[264],"e":[278]},{"i":{"x":[0.833],"y":[1]},"o":{"x":[0.167],"y":[0]},"n":["0p833_1_0p167_0"],"t":651,"s":[278],"e":[264]},{"i":{"x":[0.833],"y":[1]},"o":{"x":[0.167],"y":[0]},"n":["0p833_1_0p167_0"],"t":703,"s":[264],"e":[278]},{"i":{"x":[0.833],"y":[1]},"o":{"x":[0.167],"y":[0]},"n":["0p833_1_0p167_0"],"t":768,"s":[278],"e":[264]},{"i":{"x":[0.833],"y":[1]},"o":{"x":[0.167],"y":[0]},"n":["0p833_1_0p167_0"],"t":826,"s":[264],"e":[278]},{"t":891}],"ix":4}},"a":{"a":0,"k":[13.5,13.5,0],"ix":1},"s":{"a":0,"k":[213.131,213.131,100],"ix":6}},"ao":0,"shapes":[{"ty":"gr","it":[{"ind":0,"ty":"sh","ix":1,"ks":{"a":0,"k":{"i":[[0.126,-0.144],[-4.573,-2.907],[-3.662,5.787],[0.24,0.151],[0.132,-0.251],[5.303,3.37],[-1.286,4.81],[0.31,0.016]],"o":[[-1.402,5.243],[5.775,3.67],[0.17,-0.228],[-0.241,-0.153],[-3.363,5.315],[-4.196,-2.667],[0.088,-0.299],[-0.435,-0.007]],"v":[[-10.598,-8.478],[-5.273,5.219],[11.829,1.386],[11.691,0.64],[10.958,0.836],[-4.708,4.346],[-9.598,-8.219],[-10.066,-8.882]],"c":true},"ix":2},"nm":"Path 1","mn":"ADBE Vector Shape - Group","hd":false},{"ty":"st","c":{"a":0,"k":[0.455000005984,0.475,0.556999954523,1],"ix":3},"o":{"a":0,"k":100,"ix":4},"w":{"a":0,"k":1,"ix":5},"lc":1,"lj":1,"ml":4,"nm":"Stroke 1","mn":"ADBE Vector Graphic - Stroke","hd":false},{"ty":"tr","p":{"a":0,"k":[12.209,19.081],"ix":2},"a":{"a":0,"k":[0,0],"ix":1},"s":{"a":0,"k":[100,100],"ix":3},"r":{"a":0,"k":0,"ix":6},"o":{"a":0,"k":100,"ix":7},"sk":{"a":0,"k":0,"ix":4},"sa":{"a":0,"k":0,"ix":5},"nm":"Transform"}],"nm":"Group 1","np":2,"cix":2,"ix":1,"mn":"ADBE Vector Group","hd":false},{"ty":"gr","it":[{"ind":0,"ty":"sh","ix":1,"ks":{"a":0,"k":{"i":[[0.126,-0.144],[-4.573,-2.907],[-3.662,5.787],[0.24,0.151],[0.132,-0.251],[5.303,3.37],[-1.286,4.81],[0.31,0.016]],"o":[[-1.402,5.243],[5.775,3.67],[0.17,-0.228],[-0.241,-0.153],[-3.363,5.315],[-4.196,-2.667],[0.088,-0.299],[-0.435,-0.007]],"v":[[-10.598,-7.993],[-5.273,5.704],[11.829,1.871],[11.691,1.125],[10.958,1.321],[-4.708,4.831],[-9.598,-7.734],[-10.066,-8.397]],"c":true},"ix":2},"nm":"Path 1","mn":"ADBE Vector Shape - Group","hd":false},{"ty":"mm","mm":4,"nm":"Merge Paths 1","mn":"ADBE Vector Filter - Merge","hd":false},{"ty":"fl","c":{"a":0,"k":[0.455000005984,0.475,0.556999954523,1],"ix":4},"o":{"a":0,"k":100,"ix":5},"r":1,"nm":"Fill 1","mn":"ADBE Vector Graphic - Fill","hd":false},{"ty":"tr","p":{"a":0,"k":[12.209,18.596],"ix":2},"a":{"a":0,"k":[0,0],"ix":1},"s":{"a":0,"k":[100,100],"ix":3},"r":{"a":0,"k":0,"ix":6},"o":{"a":0,"k":100,"ix":7},"sk":{"a":0,"k":0,"ix":4},"sa":{"a":0,"k":0,"ix":5},"nm":"Transform"}],"nm":"Group 2","np":3,"cix":2,"ix":2,"mn":"ADBE Vector Group","hd":false},{"ty":"gr","it":[{"ind":0,"ty":"sh","ix":1,"ks":{"a":0,"k":{"i":[[-3.998,0],[0,-4.008],[3.998,0],[0,4.007]],"o":[[3.998,0],[0,4.007],[-3.998,0],[0,-4.008]],"v":[[0,-7.245],[7.229,0.001],[0,7.245],[-7.229,0.001]],"c":true},"ix":2},"nm":"Path 1","mn":"ADBE Vector Shape - Group","hd":false},{"ty":"st","c":{"a":0,"k":[0.455000005984,0.475,0.556999954523,1],"ix":3},"o":{"a":0,"k":100,"ix":4},"w":{"a":0,"k":1,"ix":5},"lc":1,"lj":1,"ml":4,"nm":"Stroke 1","mn":"ADBE Vector Graphic - Stroke","hd":false},{"ty":"tr","p":{"a":0,"k":[13.584,13.805],"ix":2},"a":{"a":0,"k":[0,0],"ix":1},"s":{"a":0,"k":[100,100],"ix":3},"r":{"a":0,"k":0,"ix":6},"o":{"a":0,"k":100,"ix":7},"sk":{"a":0,"k":0,"ix":4},"sa":{"a":0,"k":0,"ix":5},"nm":"Transform"}],"nm":"Group 3","np":2,"cix":2,"ix":3,"mn":"ADBE Vector Group","hd":false},{"ty":"gr","it":[{"ind":0,"ty":"sh","ix":1,"ks":{"a":0,"k":{"i":[[4.557,0],[0,-4.566],[-4.557,0],[0,4.566]],"o":[[-4.557,0],[0,4.566],[4.557,0],[0,-4.566]],"v":[[0,-8.279],[-8.261,0],[0,8.279],[8.261,0]],"c":true},"ix":2},"nm":"Path 1","mn":"ADBE Vector Shape - Group","hd":false},{"ty":"st","c":{"a":0,"k":[0.455000005984,0.475,0.556999954523,1],"ix":3},"o":{"a":0,"k":100,"ix":4},"w":{"a":0,"k":1,"ix":5},"lc":1,"lj":1,"ml":4,"nm":"Stroke 1","mn":"ADBE Vector Graphic - Stroke","hd":false},{"ty":"tr","p":{"a":0,"k":[13.584,13.805],"ix":2},"a":{"a":0,"k":[0,0],"ix":1},"s":{"a":0,"k":[100,100],"ix":3},"r":{"a":0,"k":0,"ix":6},"o":{"a":0,"k":100,"ix":7},"sk":{"a":0,"k":0,"ix":4},"sa":{"a":0,"k":0,"ix":5},"nm":"Transform"}],"nm":"Group 4","np":2,"cix":2,"ix":4,"mn":"ADBE Vector Group","hd":false},{"ty":"gr","it":[{"ind":0,"ty":"sh","ix":1,"ks":{"a":0,"k":{"i":[[2.388,-0.031],[2.349,-3.578],[-0.24,-0.152],[-0.132,0.251],[-5.246,-3.459],[1.268,-4.742],[-0.31,-0.015],[-0.053,0.237],[4.461,2.941]],"o":[[-3.979,0.051],[-0.17,0.228],[0.24,0.152],[3.451,-5.258],[4.091,2.697],[-0.088,0.298],[0.242,0.014],[1.382,-5.168],[-2.142,-1.412]],"v":[[-1.558,-7.745],[-11.771,-2.15],[-11.632,-1.403],[-10.9,-1.6],[4.832,-4.834],[9.559,7.617],[10.027,8.279],[10.559,7.875],[5.396,-5.708]],"c":true},"ix":2},"nm":"Path 1","mn":"ADBE Vector Shape - Group","hd":false},{"ty":"st","c":{"a":0,"k":[0.455000005984,0.475,0.556999954523,1],"ix":3},"o":{"a":0,"k":100,"ix":4},"w":{"a":0,"k":1,"ix":5},"lc":1,"lj":1,"ml":4,"nm":"Stroke 1","mn":"ADBE Vector Graphic - Stroke","hd":false},{"ty":"tr","p":{"a":0,"k":[14.997,9.147],"ix":2},"a":{"a":0,"k":[0,0],"ix":1},"s":{"a":0,"k":[100,100],"ix":3},"r":{"a":0,"k":0,"ix":6},"o":{"a":0,"k":100,"ix":7},"sk":{"a":0,"k":0,"ix":4},"sa":{"a":0,"k":0,"ix":5},"nm":"Transform"}],"nm":"Group 5","np":2,"cix":2,"ix":5,"mn":"ADBE Vector Group","hd":false},{"ty":"gr","it":[{"ind":0,"ty":"sh","ix":1,"ks":{"a":0,"k":{"i":[[2.388,-0.031],[2.349,-3.578],[-0.24,-0.152],[-0.132,0.251],[-5.246,-3.459],[1.268,-4.742],[-0.31,-0.015],[-0.053,0.237],[4.461,2.941]],"o":[[-3.979,0.051],[-0.17,0.228],[0.24,0.152],[3.451,-5.258],[4.091,2.697],[-0.088,0.298],[0.242,0.014],[1.382,-5.168],[-2.142,-1.412]],"v":[[-1.506,-7.745],[-11.719,-2.15],[-11.58,-1.403],[-10.848,-1.6],[4.884,-4.834],[9.611,7.617],[10.079,8.279],[10.611,7.875],[5.448,-5.708]],"c":true},"ix":2},"nm":"Path 1","mn":"ADBE Vector Shape - Group","hd":false},{"ty":"mm","mm":4,"nm":"Merge Paths 1","mn":"ADBE Vector Filter - Merge","hd":false},{"ty":"fl","c":{"a":0,"k":[0.455000005984,0.475,0.556999954523,1],"ix":4},"o":{"a":0,"k":100,"ix":5},"r":1,"nm":"Fill 1","mn":"ADBE Vector Graphic - Fill","hd":false},{"ty":"tr","p":{"a":0,"k":[14.944,9.147],"ix":2},"a":{"a":0,"k":[0,0],"ix":1},"s":{"a":0,"k":[100,100],"ix":3},"r":{"a":0,"k":0,"ix":6},"o":{"a":0,"k":100,"ix":7},"sk":{"a":0,"k":0,"ix":4},"sa":{"a":0,"k":0,"ix":5},"nm":"Transform"}],"nm":"Group 6","np":3,"cix":2,"ix":6,"mn":"ADBE Vector Group","hd":false}],"ip":0,"op":927,"st":0,"bm":0},{"ddd":0,"ind":6,"ty":4,"nm":"camera-outline Outlines","sr":1,"ks":{"o":{"a":1,"k":[{"i":{"x":[0.667],"y":[1]},"o":{"x":[0.333],"y":[0]},"n":["0p667_1_0p333_0"],"t":0,"s":[0],"e":[100]},{"t":12}],"ix":11},"r":{"a":0,"k":0,"ix":10},"p":{"s":true,"x":{"a":1,"k":[{"i":{"x":[0.988],"y":[1]},"o":{"x":[0.012],"y":[0]},"n":["0p988_1_0p012_0"],"t":0,"s":[250.388],"e":[250.388]},{"t":26}],"ix":3},"y":{"a":1,"k":[{"i":{"x":[0.449],"y":[1.402]},"o":{"x":[0.012],"y":[0.167]},"n":["0p449_1p402_0p012_0p167"],"t":0,"s":[348.357],"e":[249.357]},{"i":{"x":[0.833],"y":[1]},"o":{"x":[0],"y":[0]},"n":["0p833_1_0_0"],"t":26,"s":[249.357],"e":[249.357]},{"i":{"x":[0.833],"y":[1]},"o":{"x":[0.167],"y":[0]},"n":["0p833_1_0p167_0"],"t":42,"s":[249.357],"e":[235]},{"i":{"x":[0.833],"y":[1]},"o":{"x":[0.167],"y":[0]},"n":["0p833_1_0p167_0"],"t":97,"s":[235],"e":[249]},{"i":{"x":[0.833],"y":[1]},"o":{"x":[0.167],"y":[0]},"n":["0p833_1_0p167_0"],"t":162,"s":[249],"e":[235]},{"i":{"x":[0.833],"y":[1]},"o":{"x":[0.167],"y":[0]},"n":["0p833_1_0p167_0"],"t":224,"s":[235],"e":[249]},{"i":{"x":[0.833],"y":[1]},"o":{"x":[0.167],"y":[0]},"n":["0p833_1_0p167_0"],"t":289,"s":[249],"e":[235]},{"i":{"x":[0.833],"y":[1]},"o":{"x":[0.167],"y":[0]},"n":["0p833_1_0p167_0"],"t":346,"s":[235],"e":[249]},{"i":{"x":[0.833],"y":[1]},"o":{"x":[0.167],"y":[0]},"n":["0p833_1_0p167_0"],"t":411,"s":[249],"e":[235]},{"i":{"x":[0.833],"y":[1]},"o":{"x":[0.167],"y":[0]},"n":["0p833_1_0p167_0"],"t":466,"s":[235],"e":[249]},{"i":{"x":[0.833],"y":[1]},"o":{"x":[0.167],"y":[0]},"n":["0p833_1_0p167_0"],"t":531,"s":[249],"e":[235]},{"i":{"x":[0.833],"y":[1]},"o":{"x":[0.167],"y":[0]},"n":["0p833_1_0p167_0"],"t":586,"s":[235],"e":[249]},{"i":{"x":[0.833],"y":[1]},"o":{"x":[0.167],"y":[0]},"n":["0p833_1_0p167_0"],"t":651,"s":[249],"e":[235]},{"i":{"x":[0.833],"y":[1]},"o":{"x":[0.167],"y":[0]},"n":["0p833_1_0p167_0"],"t":703,"s":[235],"e":[249]},{"i":{"x":[0.833],"y":[1]},"o":{"x":[0.167],"y":[0]},"n":["0p833_1_0p167_0"],"t":768,"s":[249],"e":[235]},{"i":{"x":[0.833],"y":[1]},"o":{"x":[0.167],"y":[0]},"n":["0p833_1_0p167_0"],"t":826,"s":[235],"e":[249]},{"t":891}],"ix":4}},"a":{"a":0,"k":[39.5,33.5,0],"ix":1},"s":{"a":0,"k":[213.131,213.131,100],"ix":6}},"ao":0,"shapes":[{"ty":"gr","it":[{"ind":0,"ty":"sh","ix":1,"ks":{"a":0,"k":{"i":[[-2.393,0.017],[-19.034,0],[0,-2.952],[0,0],[2.894,0],[0,0],[0,2.953],[0,0]],"o":[[21.144,0.009],[2.894,0],[0,0],[0,2.953],[0,0],[-2.895,0],[0,0],[0,-2.629]],"v":[[-31.051,-21.17],[30.886,-21.17],[36.084,-15.878],[36.084,24.697],[30.886,29.989],[-30.887,29.989],[-36.085,24.697],[-36.085,-15.878]],"c":true},"ix":2},"nm":"Path 1","mn":"ADBE Vector Shape - Group","hd":false},{"ind":1,"ty":"sh","ix":2,"ks":{"a":0,"k":{"i":[[-2.16,-0.016],[0,0],[0,0],[0,0]],"o":[[0,0],[0,0],[0,0],[2.434,-0.009]],"v":[[-22.883,-24.682],[-22.883,-22.934],[-29.924,-22.934],[-29.924,-24.682]],"c":true},"ix":2},"nm":"Path 2","mn":"ADBE Vector Shape - Group","hd":false},{"ind":2,"ty":"sh","ix":3,"ks":{"a":0,"k":{"i":[[-5.282,0],[-0.7,-2.074],[0,0],[0,0]],"o":[[0,0],[0,0],[0.816,-2.309],[5.998,-0.019]],"v":[[8.801,-29.974],[11.111,-22.934],[-11.113,-22.934],[-8.801,-29.974]],"c":true},"ix":2},"nm":"Path 3","mn":"ADBE Vector Shape - Group","hd":false},{"ind":3,"ty":"sh","ix":4,"ks":{"a":0,"k":{"i":[[0,0],[0.421,-0.839],[0.799,-2.38],[0,0],[0,0],[0.926,0.23],[0,0],[0.396,-0.867],[0,-0.615],[0,-3.617],[0,0],[-3.851,0],[0,0],[0,3.888],[0,0],[3.85,0],[0,0],[0.769,2.134],[0.871,0.216]],"o":[[-1.115,0.082],[-0.87,2.287],[0,0],[0,0],[-0.32,-1.144],[0,0],[-1.169,0.088],[-0.003,0.603],[-3.474,0.4],[0,0],[0,3.888],[0,0],[3.85,0],[0,0],[0,-3.888],[0,0],[-0.854,-2.52],[-0.33,-1.069],[0,0]],"v":[[-8.499,-31.754],[-10.48,-30.183],[-12.954,-22.934],[-21.122,-22.934],[-21.122,-24.753],[-23.186,-26.462],[-29.622,-26.462],[-31.685,-24.753],[-31.685,-22.906],[-37.844,-15.878],[-37.844,24.697],[-30.887,31.754],[30.887,31.754],[37.844,24.697],[37.844,-15.878],[30.887,-22.934],[12.954,-22.934],[10.479,-30.183],[8.499,-31.754]],"c":true},"ix":2},"nm":"Path 4","mn":"ADBE Vector Shape - Group","hd":false},{"ty":"mm","mm":1,"nm":"Merge Paths 1","mn":"ADBE Vector Filter - Merge","hd":false},{"ty":"st","c":{"a":0,"k":[0.455000005984,0.475,0.556999954523,1],"ix":3},"o":{"a":0,"k":100,"ix":4},"w":{"a":0,"k":1,"ix":5},"lc":1,"lj":1,"ml":4,"nm":"Stroke 1","mn":"ADBE Vector Graphic - Stroke","hd":false},{"ty":"fl","c":{"a":0,"k":[0.455000005984,0.475,0.556999954523,1],"ix":4},"o":{"a":0,"k":100,"ix":5},"r":1,"nm":"Fill 1","mn":"ADBE Vector Graphic - Fill","hd":false},{"ty":"tr","p":{"a":0,"k":[39.318,33.802],"ix":2},"a":{"a":0,"k":[0,0],"ix":1},"s":{"a":0,"k":[100,100],"ix":3},"r":{"a":0,"k":0,"ix":6},"o":{"a":0,"k":100,"ix":7},"sk":{"a":0,"k":0,"ix":4},"sa":{"a":0,"k":0,"ix":5},"nm":"Transform"}],"nm":"Group 1","np":7,"cix":2,"ix":1,"mn":"ADBE Vector Group","hd":false}],"ip":0,"op":927,"st":0,"bm":0},{"ddd":0,"ind":7,"ty":4,"nm":"camera-fill Outlines","sr":1,"ks":{"o":{"a":1,"k":[{"i":{"x":[0.667],"y":[1]},"o":{"x":[0.333],"y":[0]},"n":["0p667_1_0p333_0"],"t":0,"s":[0],"e":[100]},{"t":12}],"ix":11},"r":{"a":0,"k":0,"ix":10},"p":{"s":true,"x":{"a":1,"k":[{"i":{"x":[0.988],"y":[1.5]},"o":{"x":[0.012],"y":[0]},"n":["0p988_1p5_0p012_0"],"t":0,"s":[236],"e":[236]},{"t":26}],"ix":3},"y":{"a":1,"k":[{"i":{"x":[0.562],"y":[1.378]},"o":{"x":[0.012],"y":[0.167]},"n":["0p562_1p378_0p012_0p167"],"t":0,"s":[337],"e":[238]},{"i":{"x":[0.833],"y":[1]},"o":{"x":[0],"y":[0]},"n":["0p833_1_0_0"],"t":26,"s":[238],"e":[238]},{"i":{"x":[0.833],"y":[1]},"o":{"x":[0.167],"y":[0]},"n":["0p833_1_0p167_0"],"t":42,"s":[238],"e":[234]},{"i":{"x":[0.833],"y":[1]},"o":{"x":[0.167],"y":[0]},"n":["0p833_1_0p167_0"],"t":97,"s":[234],"e":[248]},{"i":{"x":[0.833],"y":[1]},"o":{"x":[0.167],"y":[0]},"n":["0p833_1_0p167_0"],"t":162,"s":[248],"e":[234]},{"i":{"x":[0.833],"y":[1]},"o":{"x":[0.167],"y":[0]},"n":["0p833_1_0p167_0"],"t":224,"s":[234],"e":[248]},{"i":{"x":[0.833],"y":[1]},"o":{"x":[0.167],"y":[0]},"n":["0p833_1_0p167_0"],"t":289,"s":[248],"e":[234]},{"i":{"x":[0.833],"y":[1]},"o":{"x":[0.167],"y":[0]},"n":["0p833_1_0p167_0"],"t":346,"s":[234],"e":[248]},{"i":{"x":[0.833],"y":[1]},"o":{"x":[0.167],"y":[0]},"n":["0p833_1_0p167_0"],"t":411,"s":[248],"e":[234]},{"i":{"x":[0.833],"y":[1]},"o":{"x":[0.167],"y":[0]},"n":["0p833_1_0p167_0"],"t":466,"s":[234],"e":[248]},{"i":{"x":[0.833],"y":[1]},"o":{"x":[0.167],"y":[0]},"n":["0p833_1_0p167_0"],"t":531,"s":[248],"e":[234]},{"i":{"x":[0.833],"y":[1]},"o":{"x":[0.167],"y":[0]},"n":["0p833_1_0p167_0"],"t":586,"s":[234],"e":[248]},{"i":{"x":[0.833],"y":[1]},"o":{"x":[0.167],"y":[0]},"n":["0p833_1_0p167_0"],"t":651,"s":[248],"e":[234]},{"i":{"x":[0.833],"y":[1]},"o":{"x":[0.167],"y":[0]},"n":["0p833_1_0p167_0"],"t":703,"s":[234],"e":[248]},{"i":{"x":[0.833],"y":[1]},"o":{"x":[0.167],"y":[0]},"n":["0p833_1_0p167_0"],"t":768,"s":[248],"e":[234]},{"i":{"x":[0.833],"y":[1]},"o":{"x":[0.167],"y":[0]},"n":["0p833_1_0p167_0"],"t":826,"s":[234],"e":[248]},{"t":891}],"ix":4}},"a":{"a":0,"k":[40,33,0],"ix":1},"s":{"a":0,"k":[213.131,213.131,100],"ix":6}},"ao":0,"shapes":[{"ty":"gr","it":[{"ind":0,"ty":"sh","ix":1,"ks":{"a":0,"k":{"i":[[0,0],[0.419,-0.838],[0.801,-2.379],[0,0],[0,0.585],[0.926,0.23],[0,0],[0.396,-0.866],[0,-0.615],[0,-3.617],[0,0],[-3.851,0],[0,0],[0,3.889],[0,0],[3.85,0],[0,0],[0.769,2.134],[0.871,0.217]],"o":[[-1.114,0.082],[-0.871,2.288],[0,0],[0.001,-0.598],[-0.319,-1.143],[0,0],[-1.169,0.088],[-0.003,0.603],[-3.475,0.401],[0,0],[0,3.889],[0,0],[3.85,0],[0,0],[0,-3.889],[0,0],[-0.852,-2.519],[-0.33,-1.068],[0,0]],"v":[[-8.499,-31.754],[-10.478,-30.183],[-12.954,-22.934],[-21.123,-22.934],[-21.123,-24.753],[-23.185,-26.462],[-29.621,-26.462],[-31.684,-24.753],[-31.684,-22.906],[-37.845,-15.877],[-37.845,24.697],[-30.886,31.754],[30.887,31.754],[37.845,24.697],[37.845,-15.877],[30.887,-22.934],[12.954,-22.934],[10.479,-30.183],[8.499,-31.754]],"c":true},"ix":2},"nm":"Path 1","mn":"ADBE Vector Shape - Group","hd":false},{"ty":"gr","it":[{"ty":"tr","p":{"a":0,"k":[0,0],"ix":2},"a":{"a":0,"k":[0,0],"ix":1},"s":{"a":0,"k":[100,100],"ix":3},"r":{"a":0,"k":0,"ix":6},"o":{"a":0,"k":100,"ix":7},"sk":{"a":0,"k":0,"ix":4},"sa":{"a":0,"k":0,"ix":5},"nm":"Transform"}],"nm":"Group 1","np":0,"cix":2,"ix":2,"mn":"ADBE Vector Group","hd":false},{"ty":"mm","mm":4,"nm":"Merge Paths 1","mn":"ADBE Vector Filter - Merge","hd":false},{"ty":"fl","c":{"a":0,"k":[0.936999990426,0.944999964097,0.961000031116,1],"ix":4},"o":{"a":0,"k":100,"ix":5},"r":1,"nm":"Fill 1","mn":"ADBE Vector Graphic - Fill","hd":false},{"ty":"tr","p":{"a":0,"k":[39.52,33.718],"ix":2},"a":{"a":0,"k":[0,0],"ix":1},"s":{"a":0,"k":[100,100],"ix":3},"r":{"a":0,"k":0,"ix":6},"o":{"a":0,"k":100,"ix":7},"sk":{"a":0,"k":0,"ix":4},"sa":{"a":0,"k":0,"ix":5},"nm":"Transform"}],"nm":"Group 1","np":4,"cix":2,"ix":1,"mn":"ADBE Vector Group","hd":false}],"ip":0,"op":927,"st":0,"bm":0},{"ddd":0,"ind":8,"ty":4,"nm":"camera-squiggle Outlines","sr":1,"ks":{"o":{"a":1,"k":[{"i":{"x":[0.667],"y":[1]},"o":{"x":[0.333],"y":[0]},"n":["0p667_1_0p333_0"],"t":41,"s":[0],"e":[100]},{"t":52}],"ix":11},"r":{"a":0,"k":0,"ix":10},"p":{"s":true,"x":{"a":1,"k":[{"i":{"x":[0.682],"y":[1.89]},"o":{"x":[0.211],"y":[0.128]},"n":["0p682_1p89_0p211_0p128"],"t":41,"s":[183.75],"e":[131]},{"t":52}],"ix":3},"y":{"a":1,"k":[{"i":{"x":[0.667],"y":[1]},"o":{"x":[0.333],"y":[0]},"n":["0p667_1_0p333_0"],"t":52,"s":[257],"e":[243]},{"i":{"x":[0.667],"y":[1]},"o":{"x":[0.333],"y":[0]},"n":["0p667_1_0p333_0"],"t":97,"s":[243],"e":[257]},{"i":{"x":[0.667],"y":[1]},"o":{"x":[0.333],"y":[0]},"n":["0p667_1_0p333_0"],"t":162,"s":[257],"e":[243]},{"i":{"x":[0.667],"y":[1]},"o":{"x":[0.333],"y":[0]},"n":["0p667_1_0p333_0"],"t":224,"s":[243],"e":[257]},{"i":{"x":[0.667],"y":[1]},"o":{"x":[0.333],"y":[0]},"n":["0p667_1_0p333_0"],"t":289,"s":[257],"e":[243]},{"i":{"x":[0.667],"y":[1]},"o":{"x":[0.333],"y":[0]},"n":["0p667_1_0p333_0"],"t":346,"s":[243],"e":[257]},{"i":{"x":[0.667],"y":[1]},"o":{"x":[0.333],"y":[0]},"n":["0p667_1_0p333_0"],"t":411,"s":[257],"e":[243]},{"i":{"x":[0.667],"y":[1]},"o":{"x":[0.333],"y":[0]},"n":["0p667_1_0p333_0"],"t":466,"s":[243],"e":[257]},{"i":{"x":[0.667],"y":[1]},"o":{"x":[0.333],"y":[0]},"n":["0p667_1_0p333_0"],"t":531,"s":[257],"e":[243]},{"i":{"x":[0.667],"y":[1]},"o":{"x":[0.333],"y":[0]},"n":["0p667_1_0p333_0"],"t":586,"s":[243],"e":[257]},{"i":{"x":[0.667],"y":[1]},"o":{"x":[0.333],"y":[0]},"n":["0p667_1_0p333_0"],"t":651,"s":[257],"e":[243]},{"i":{"x":[0.667],"y":[1]},"o":{"x":[0.333],"y":[0]},"n":["0p667_1_0p333_0"],"t":703,"s":[243],"e":[257]},{"i":{"x":[0.667],"y":[1]},"o":{"x":[0.333],"y":[0]},"n":["0p667_1_0p333_0"],"t":768,"s":[257],"e":[243]},{"i":{"x":[0.667],"y":[1]},"o":{"x":[0.333],"y":[0]},"n":["0p667_1_0p333_0"],"t":826,"s":[243],"e":[257]},{"t":891}],"ix":4}},"a":{"a":0,"k":[8.5,18,0],"ix":1},"s":{"a":1,"k":[{"i":{"x":[0.122,0.122,0.667],"y":[1.011,1.011,1]},"o":{"x":[0.703,0.703,0.333],"y":[-0.002,-0.002,0]},"n":["0p122_1p011_0p703_-0p002","0p122_1p011_0p703_-0p002","0p667_1_0p333_0"],"t":41,"s":[0,0,100],"e":[213,213,100]},{"t":48}],"ix":6}},"ao":0,"shapes":[{"ty":"gr","it":[{"ind":0,"ty":"sh","ix":1,"ks":{"a":0,"k":{"i":[[-2.317,0.9],[1.465,-0.517],[2.32,-0.778],[-1.464,0.518]],"o":[[1.466,-0.517],[-2.319,0.9],[-1.465,0.517],[2.318,-0.899]],"v":[[6.37,14.671],[5.716,12.349],[-1.363,14.929],[-0.709,17.251]],"c":true},"ix":2},"nm":"Path 1","mn":"ADBE Vector Shape - Group","hd":false},{"ind":1,"ty":"sh","ix":2,"ks":{"a":0,"k":{"i":[[1.604,0.341],[1.631,1.937],[-1.004,-1.211],[-2.712,-0.567]],"o":[[-2.464,-0.448],[-1.004,-1.211],[1.88,2.178],[1.602,0.341]],"v":[[7.361,-12.982],[1.158,-16.558],[-0.531,-14.809],[6.666,-10.636]],"c":true},"ix":2},"nm":"Path 2","mn":"ADBE Vector Shape - Group","hd":false},{"ind":2,"ty":"sh","ix":3,"ks":{"a":0,"k":{"i":[[1.597,-0.028],[4.052,-0.07],[-1.596,0.028],[-4.052,0.071]],"o":[[-4.052,0.071],[-1.596,0.028],[4.052,-0.071],[1.597,-0.028]],"v":[[5.37,-0.419],[-6.663,-0.209],[-6.62,2.247],[5.413,2.037]],"c":true},"ix":2},"nm":"Path 3","mn":"ADBE Vector Shape - Group","hd":false},{"ty":"mm","mm":1,"nm":"Merge Paths 1","mn":"ADBE Vector Filter - Merge","hd":false},{"ty":"mm","mm":4,"nm":"Merge Paths 2","mn":"ADBE Vector Filter - Merge","hd":false},{"ty":"fl","c":{"a":0,"k":[0.455000005984,0.475,0.556999954523,1],"ix":4},"o":{"a":0,"k":100,"ix":5},"r":1,"nm":"Fill 1","mn":"ADBE Vector Graphic - Fill","hd":false},{"ty":"tr","p":{"a":0,"k":[8.741,17.82],"ix":2},"a":{"a":0,"k":[0,0],"ix":1},"s":{"a":0,"k":[100,100],"ix":3},"r":{"a":0,"k":0,"ix":6},"o":{"a":0,"k":100,"ix":7},"sk":{"a":0,"k":0,"ix":4},"sa":{"a":0,"k":0,"ix":5},"nm":"Transform"}],"nm":"Group 1","np":6,"cix":2,"ix":1,"mn":"ADBE Vector Group","hd":false}],"ip":0,"op":927,"st":0,"bm":0}]}